drop table if exists t1;
CREATE TABLE t1 ( a INT PRIMARY KEY);
set session sequoiadb_execute_only_in_mysql=on;
drop table t1;
CREATE TABLE t1 ( a INT PRIMARY KEY);
SELECT * FROM t1;
a
INSERT INTO t1 VALUES(1),(2),(3),(4);
UPDATE t1 SET a = a+10;
DELETE FROM t1 WHERE a = 11;
SELECT * FROM t1 ORDER BY a;
a
set session sequoiadb_execute_only_in_mysql=off;
DROP TABLE t1;
